levelName,Enemies,EnemiesKilled,Coins,CoinsCollected,Timer,FirstDeplacementTimer,StartPause,MaxPause,PauseTime,LeftDeplacementTimer,RightDeplacementTimer,JumpCount,JumpAirTimeStart,AirTimeStart,AirTime,JumpAirTime,CauseOfDeath0,XDeath0,YDeath0,CauseOfDeath1,XDeath1,YDeath1,CauseOfDeath2,XDeath2,YDeath2
Level01,7,0,40,0,7,0.5,0,3.25,3.5,1.75,1.75,0,0,0,0,0,-1,-1,-1,-1,-1,-1,1,6.58377,-1.869899
Level01,7,0,40,1.125,83.75,1.75,0,3.75,33,2.5,48.25,42,83.25,0,3.5,34.25,-1,-1,-1,-1,-1,-1,1,112.9393,-1.874972
Level01,7,0.2857143,40,0.5,31.25,0.5,0,0.25,0.25,0,31,25,30,0,1.75,16,1,144.1468,-1.814084,1,111.0312,-1.744926,1,90.44549,-0.8092022
Level01,7,0.4285714,40,0.7,40.75,0.5,0,0.5,0.75,0,40,34,0,0,1.75,26.75,-1,-1,-1,-1,-1,-1,-1,-1,-1
Level01,7,0.1428571,40,0.65,41.75,0.25,0,0.75,1.25,0.25,40.25,31,0,0,1.75,25.75,-1,-1,-1,1,112.2936,-1.873503,1,8.67793,-0.9129932
Level01,7,0,40,0,15.75,15.75,0,15.5,15.5,0.25,0,0,0,0,0,0,-1,-1,-1,-1,-1,-1,-1,-1,-1
Level01,7,0,40,0,4.5,4.5,0,4.25,4.25,0.25,0,0,0,0,0,0,-1,-1,-1,-1,-1,-1,-1,-1,-1
